Año,Trimestre,Provincia,Accesos por cada 100 hogares (Provincia),Accesos por cada 100 hab (Provincia),Accesos por cada 100 hogares (Total),Accesos por cada 100 hab (Total)
2024,2,Buenos Aires,79.84,27.43,78.13,24.57
2024,2,Capital Federal,116.37,47.44,78.13,24.57
2024,2,Catamarca,68.81,17.5,78.13,24.57
2024,2,Chaco,44.06,11.78,78.13,24.57
2024,2,Chubut,86.33,26.46,78.13,24.57
2024,2,Córdoba,90.79,27.79,78.13,24.57
2024,2,Corrientes,51.38,13.53,78.13,24.57
2024,2,Entre Ríos,68.64,20.52,78.13,24.57
2024,2,Formosa,39.69,10.1,78.13,24.57
2024,2,Jujuy,58.3,14.91,78.13,24.57
2024,2,La Pampa,101.17,33.33,78.13,24.57
2024,2,La Rioja,79.52,21.17,78.13,24.57
2024,2,Mendoza,52.3,14.6,78.13,24.57
2024,2,Misiones,57.73,15.72,78.13,24.57
2024,2,Neuquén,78.93,23.49,78.13,24.57
2024,2,Río Negro,71.35,21.95,78.13,24.57
2024,2,Salta,55.72,13.49,78.13,24.57
2024,2,San Juan,51.17,13.03,78.13,24.57
2024,2,San Luis,103.4,29.59,78.13,24.57
2024,2,Santa Cruz,69.92,20.8,78.13,24.57
2024,2,Santa Fe,81.34,25.58,78.13,24.57
2024,2,Santiago Del Estero,49.67,12.33,78.13,24.57
2024,2,Tierra Del Fuego,108.89,32.28,78.13,24.57
2024,2,Tucumán,60.84,15.07,78.13,24.57
2024,1,Buenos Aires,81.1,27.8,78.89,24.79
2024,1,Capital Federal,119.53,48.78,78.89,24.79
2024,1,Catamarca,68.82,17.5,78.89,24.79
2024,1,Chaco,46.7,12.48,78.89,24.79
2024,1,Chubut,84.89,26.02,78.89,24.79
2024,1,Córdoba,90.7,27.77,78.89,24.79
2024,1,Corrientes,51.94,13.68,78.89,24.79
2024,1,Entre Ríos,69.31,20.72,78.89,24.79
2024,1,Formosa,39.61,10.08,78.89,24.79
2024,1,Jujuy,57.65,14.74,78.89,24.79
2024,1,La Pampa,100.49,33.11,78.89,24.79
2024,1,La Rioja,80.03,21.3,78.89,24.79
2024,1,Mendoza,52.59,14.67,78.89,24.79
2024,1,Misiones,56.76,15.46,78.89,24.79
2024,1,Neuquén,79.5,23.66,78.89,24.79
2024,1,Río Negro,71.14,21.88,78.89,24.79
2024,1,Salta,56.3,13.63,78.89,24.79
2024,1,San Juan,51.62,13.15,78.89,24.79
2024,1,San Luis,102.7,29.39,78.89,24.79
2024,1,Santa Cruz,67.58,20.1,78.89,24.79
2024,1,Santa Fe,80.4,25.28,78.89,24.79
2024,1,Santiago Del Estero,49.41,12.26,78.89,24.79
2024,1,Tierra Del Fuego,109.78,32.54,78.89,24.79
2024,1,Tucumán,60.48,14.98,78.89,24.79
2023,4,Buenos Aires,80.96,27.68,78.56,24.66
2023,4,Capital Federal,117.02,47.8,78.56,24.66
2023,4,Catamarca,68.63,17.46,78.56,24.66
2023,4,Chaco,44.35,11.85,78.56,24.66
2023,4,Chubut,84.96,26.04,78.56,24.66
2023,4,Córdoba,90.67,27.76,78.56,24.66
2023,4,Corrientes,52.56,13.84,78.56,24.66
2023,4,Entre Ríos,69.94,20.91,78.56,24.66
2023,4,Formosa,39.23,9.98,78.56,24.66
2023,4,Jujuy,57.78,14.77,78.56,24.66
2023,4,La Pampa,99.96,32.93,78.56,24.66
2023,4,La Rioja,80.22,21.35,78.56,24.66
2023,4,Mendoza,52.15,14.55,78.56,24.66
2023,4,Misiones,56.27,15.33,78.56,24.66
2023,4,Neuquén,79.91,23.78,78.56,24.66
2023,4,Río Negro,70.26,21.61,78.56,24.66
2023,4,Salta,56.98,13.8,78.56,24.66
2023,4,San Juan,50.08,12.75,78.56,24.66
2023,4,San Luis,102.07,29.21,78.56,24.66
2023,4,Santa Cruz,73.75,21.94,78.56,24.66
2023,4,Santa Fe,79.75,25.08,78.56,24.66
2023,4,Santiago Del Estero,49.08,12.18,78.56,24.66
2023,4,Tierra Del Fuego,110.49,32.75,78.56,24.66
2023,4,Tucumán,61.04,15.12,78.56,24.66
2023,3,Buenos Aires,80.64,27.5,77.84,24.41
2023,3,Capital Federal,116.4,47.6,77.84,24.41
2023,3,Catamarca,68.55,17.44,77.84,24.41
2023,3,Chaco,42.87,11.46,77.84,24.41
2023,3,Chubut,84.23,25.82,77.84,24.41
2023,3,Córdoba,90.05,27.57,77.84,24.41
2023,3,Corrientes,52.78,13.9,77.84,24.41
2023,3,Entre Ríos,68.84,20.58,77.84,24.41
2023,3,Formosa,38.86,9.89,77.84,24.41
2023,3,Jujuy,57.61,14.73,77.84,24.41
2023,3,La Pampa,99.0,32.62,77.84,24.41
2023,3,La Rioja,80.44,21.41,77.84,24.41
2023,3,Mendoza,52.03,14.52,77.84,24.41
2023,3,Misiones,55.51,15.12,77.84,24.41
2023,3,Neuquén,79.97,23.8,77.84,24.41
2023,3,Río Negro,68.4,21.04,77.84,24.41
2023,3,Salta,57.57,13.94,77.84,24.41
2023,3,San Juan,50.45,12.85,77.84,24.41
2023,3,San Luis,98.55,28.2,77.84,24.41
2023,3,Santa Cruz,40.89,12.17,77.84,24.41
2023,3,Santa Fe,79.09,24.87,77.84,24.41
2023,3,Santiago Del Estero,48.67,12.08,77.84,24.41
2023,3,Tierra Del Fuego,105.95,31.41,77.84,24.41
2023,3,Tucumán,61.26,15.17,77.84,24.41
2023,2,Buenos Aires,79.67,27.1,77.02,24.14
2023,2,Capital Federal,115.48,47.27,77.02,24.14
2023,2,Catamarca,67.42,17.15,77.02,24.14
2023,2,Chaco,42.87,11.46,77.02,24.14
2023,2,Chubut,82.49,25.28,77.02,24.14
2023,2,Córdoba,90.13,27.59,77.02,24.14
2023,2,Corrientes,52.37,13.79,77.02,24.14
2023,2,Entre Ríos,64.43,19.26,77.02,24.14
2023,2,Formosa,38.32,9.75,77.02,24.14
2023,2,Jujuy,57.78,14.78,77.02,24.14
2023,2,La Pampa,98.35,32.4,77.02,24.14
2023,2,La Rioja,80.01,21.3,77.02,24.14
2023,2,Mendoza,52.09,14.54,77.02,24.14
2023,2,Misiones,55.18,15.03,77.02,24.14
2023,2,Neuquén,78.97,23.5,77.02,24.14
2023,2,Río Negro,68.56,21.09,77.02,24.14
2023,2,Salta,57.48,13.92,77.02,24.14
2023,2,San Juan,47.52,12.1,77.02,24.14
2023,2,San Luis,93.41,26.73,77.02,24.14
2023,2,Santa Cruz,41.66,12.39,77.02,24.14
2023,2,Santa Fe,78.83,24.79,77.02,24.14
2023,2,Santiago Del Estero,47.14,11.7,77.02,24.14
2023,2,Tierra Del Fuego,106.38,31.54,77.02,24.14
2023,2,Tucumán,60.75,15.05,77.02,24.14
2023,1,Buenos Aires,79.0,26.81,77.2,24.17
2023,1,Capital Federal,122.59,50.23,77.2,24.17
2023,1,Catamarca,66.17,16.83,77.2,24.17
2023,1,Chaco,43.15,11.53,77.2,24.17
2023,1,Chubut,85.89,26.32,77.2,24.17
2023,1,Córdoba,88.84,27.2,77.2,24.17
2023,1,Corrientes,52.05,13.71,77.2,24.17
2023,1,Entre Ríos,64.79,19.37,77.2,24.17
2023,1,Formosa,38.79,9.87,77.2,24.17
2023,1,Jujuy,58.2,14.88,77.2,24.17
2023,1,La Pampa,96.55,31.81,77.2,24.17
2023,1,La Rioja,79.74,21.23,77.2,24.17
2023,1,Mendoza,51.4,14.34,77.2,24.17
2023,1,Misiones,53.97,14.7,77.2,24.17
2023,1,Neuquén,78.55,23.38,77.2,24.17
2023,1,Río Negro,69.16,21.27,77.2,24.17
2023,1,Salta,57.67,13.97,77.2,24.17
2023,1,San Juan,49.75,12.67,77.2,24.17
2023,1,San Luis,90.17,25.8,77.2,24.17
2023,1,Santa Cruz,43.42,12.92,77.2,24.17
2023,1,Santa Fe,78.13,24.57,77.2,24.17
2023,1,Santiago Del Estero,47.55,11.8,77.2,24.17
2023,1,Tierra Del Fuego,104.23,30.9,77.2,24.17
2023,1,Tucumán,60.34,14.95,77.2,24.17
2022,4,Buenos Aires,78.94,26.72,77.21,24.15
2022,4,Capital Federal,122.73,50.35,77.21,24.15
2022,4,Catamarca,65.77,16.73,77.21,24.15
2022,4,Chaco,43.62,11.66,77.21,24.15
2022,4,Chubut,85.57,26.23,77.21,24.15
2022,4,Córdoba,89.03,27.26,77.21,24.15
2022,4,Corrientes,51.64,13.6,77.21,24.15
2022,4,Entre Ríos,64.01,19.14,77.21,24.15
2022,4,Formosa,39.41,10.03,77.21,24.15
2022,4,Jujuy,58.46,14.95,77.21,24.15
2022,4,La Pampa,94.8,31.23,77.21,24.15
2022,4,La Rioja,79.86,21.26,77.21,24.15
2022,4,Mendoza,51.36,14.33,77.21,24.15
2022,4,Misiones,52.85,14.39,77.21,24.15
2022,4,Neuquén,78.67,23.41,77.21,24.15
2022,4,Río Negro,68.42,21.04,77.21,24.15
2022,4,Salta,57.96,14.04,77.21,24.15
2022,4,San Juan,50.88,12.96,77.21,24.15
2022,4,San Luis,90.27,25.83,77.21,24.15
2022,4,Santa Cruz,43.53,12.95,77.21,24.15
2022,4,Santa Fe,78.4,24.65,77.21,24.15
2022,4,Santiago Del Estero,48.05,11.92,77.21,24.15
2022,4,Tierra Del Fuego,101.44,30.07,77.21,24.15
2022,4,Tucumán,61.04,15.12,77.21,24.15
2022,3,Buenos Aires,78.11,26.37,76.64,23.95
2022,3,Capital Federal,122.28,50.22,76.64,23.95
2022,3,Catamarca,65.33,16.62,76.64,23.95
2022,3,Chaco,43.86,11.72,76.64,23.95
2022,3,Chubut,84.38,25.86,76.64,23.95
2022,3,Córdoba,88.31,27.04,76.64,23.95
2022,3,Corrientes,48.21,12.69,76.64,23.95
2022,3,Entre Ríos,63.67,19.04,76.64,23.95
2022,3,Formosa,43.76,11.14,76.64,23.95
2022,3,Jujuy,58.91,15.06,76.64,23.95
2022,3,La Pampa,96.59,31.82,76.64,23.95
2022,3,La Rioja,80.66,21.47,76.64,23.95
2022,3,Mendoza,51.03,14.24,76.64,23.95
2022,3,Misiones,51.82,14.11,76.64,23.95
2022,3,Neuquén,80.37,23.92,76.64,23.95
2022,3,Río Negro,67.98,20.91,76.64,23.95
2022,3,Salta,57.76,13.99,76.64,23.95
2022,3,San Juan,50.8,12.94,76.64,23.95
2022,3,San Luis,81.74,23.39,76.64,23.95
2022,3,Santa Cruz,43.19,12.85,76.64,23.95
2022,3,Santa Fe,78.55,24.7,76.64,23.95
2022,3,Santiago Del Estero,47.98,11.91,76.64,23.95
2022,3,Tierra Del Fuego,99.51,29.5,76.64,23.95
2022,3,Tucumán,61.14,15.14,76.64,23.95
2022,2,Buenos Aires,77.58,26.1292712783274,75.9654243719137,23.7204423164287
2022,2,Capital Federal,121.31,49.8735612562611,75.9654243719137,23.7204423164287
2022,2,Catamarca,62.4,15.8717901952471,75.9654243719137,23.7204423164287
2022,2,Chaco,43.79,11.7025439036955,75.9654243719137,23.7204423164287
2022,2,Chubut,83.19,25.4999193362706,75.9654243719137,23.7204423164287
2022,2,Córdoba,87.48,26.7815908411335,75.9654243719137,23.7204423164287
2022,2,Corrientes,48.35,12.7321469653836,75.9654243719137,23.7204423164287
2022,2,Entre Ríos,63.9,19.1046859506594,75.9654243719137,23.7204423164287
2022,2,Formosa,43.42,11.0498145911401,75.9654243719137,23.7204423164287
2022,2,Jujuy,57.32,14.6569135245407,75.9654243719137,23.7204423164287
2022,2,La Pampa,92.98,30.6327215596658,75.9654243719137,23.7204423164287
2022,2,La Rioja,80.14,21.3314092169144,75.9654243719137,23.7204423164287
2022,2,Mendoza,49.39,13.7822337845706,75.9654243719137,23.7204423164287
2022,2,Misiones,51.0,13.8900281819679,75.9654243719137,23.7204423164287
2022,2,Neuquén,80.02,23.8174575281712,75.9654243719137,23.7204423164287
2022,2,Río Negro,67.85,20.8675435273834,75.9654243719137,23.7204423164287
2022,2,Salta,57.54,13.9360105574487,75.9654243719137,23.7204423164287
2022,2,San Juan,49.46,12.5979124556312,75.9654243719137,23.7204423164287
2022,2,San Luis,81.76,23.3969726787719,75.9654243719137,23.7204423164287
2022,2,Santa Cruz,43.15,12.8396228385264,75.9654243719137,23.7204423164287
2022,2,Santa Fe,77.9,24.4959067991646,75.9654243719137,23.7204423164287
2022,2,Santiago Del Estero,47.7,11.8367379681289,75.9654243719137,23.7204423164287
2022,2,Tierra Del Fuego,99.86,29.604955264969,75.9654243719137,23.7204423164287
2022,2,Tucumán,59.31,14.6914572899128,75.9654243719137,23.7204423164287
2022,1,Buenos Aires,76.0781466115726,25.5630301520284,73.8788028445262,23.0491710386977
2022,1,Capital Federal,111.797862691747,46.0143476214435,73.8788028445262,23.0491710386977
2022,1,Catamarca,58.2063508356117,14.8056195749953,73.8788028445262,23.0491710386977
2022,1,Chaco,44.0594800994188,11.7753420404361,73.8788028445262,23.0491710386977
2022,1,Chubut,88.0527409383577,26.9887596631044,73.8788028445262,23.0491710386977
2022,1,Córdoba,85.7574535631355,26.2552622183512,73.8788028445262,23.0491710386977
2022,1,Corrientes,47.6446351415023,12.5452812873128,73.8788028445262,23.0491710386977
2022,1,Entre Ríos,63.7009034712316,19.0454052709211,73.8788028445262,23.0491710386977
2022,1,Formosa,34.9556869957513,8.89642743559843,73.8788028445262,23.0491710386977
2022,1,Jujuy,58.0646286642678,14.8476418286294,73.8788028445262,23.0491710386977
2022,1,La Pampa,91.6633253140871,30.2004150314026,73.8788028445262,23.0491710386977
2022,1,La Rioja,78.774598665645,20.9691741722694,73.8788028445262,23.0491710386977
2022,1,Mendoza,48.7352409355834,13.5994765497552,73.8788028445262,23.0491710386977
2022,1,Misiones,49.0433419977295,13.3575393367025,73.8788028445262,23.0491710386977
2022,1,Neuquén,74.1730550999272,22.0774604260943,73.8788028445262,23.0491710386977
2022,1,Río Negro,67.0364075498703,20.6182298408439,73.8788028445262,23.0491710386977
2022,1,Salta,56.1075934084976,13.5881660533538,73.8788028445262,23.0491710386977
2022,1,San Juan,43.5459816093316,11.0921164686066,73.8788028445262,23.0491710386977
2022,1,San Luis,80.7242306060177,23.1016562316874,73.8788028445262,23.0491710386977
2022,1,Santa Cruz,43.3384231105305,12.8942973288096,73.8788028445262,23.0491710386977
2022,1,Santa Fe,77.304584747584,24.3073969989344,73.8788028445262,23.0491710386977
2022,1,Santiago Del Estero,47.1727383932405,11.7068821320295,73.8788028445262,23.0491710386977
2022,1,Tierra Del Fuego,98.2905503867279,29.1386510406859,73.8788028445262,23.0491710386977
2022,1,Tucumán,57.3900322723119,14.2155333342981,73.8788028445262,23.0491710386977
2021,4,Buenos Aires,75.6641060233847,25.3625141144029,73.1763965281478,22.810702052175
2021,4,Capital Federal,111.270026128917,45.8485107145629,73.1763965281478,22.810702052175
2021,4,Catamarca,55.2526999859741,14.0542237592254,73.1763965281478,22.810702052175
2021,4,Chaco,44.0485638902593,11.7723994581641,73.1763965281478,22.810702052175
2021,4,Chubut,82.5734006387143,25.309325144657,73.1763965281478,22.810702052175
2021,4,Córdoba,84.5094185304609,25.8731537155377,73.1763965281478,22.810702052175
2021,4,Corrientes,45.5101610294635,11.9831985526209,73.1763965281478,22.810702052175
2021,4,Entre Ríos,63.1553614361658,18.8822776766148,73.1763965281478,22.810702052175
2021,4,Formosa,34.4545746388443,8.76886524220062,73.1763965281478,22.810702052175
2021,4,Jujuy,56.9210705148705,14.5552419442425,73.1763965281478,22.810702052175
2021,4,La Pampa,89.5673427024131,29.509892061531,73.1763965281478,22.810702052175
2021,4,La Rioja,77.9234900964576,20.742382050284,73.1763965281478,22.810702052175
2021,4,Mendoza,47.5053170903177,13.2562590069906,73.1763965281478,22.810702052175
2021,4,Misiones,49.064620730585,13.3633190432684,73.1763965281478,22.810702052175
2021,4,Neuquén,73.3001625402001,21.8175631190774,73.1763965281478,22.810702052175
2021,4,Río Negro,65.6948996116065,20.2056135684454,73.1763965281478,22.810702052175
2021,4,Salta,56.8144260576222,13.7593376914977,73.1763965281478,22.810702052175
2021,4,San Juan,39.5888518648717,10.0841332359703,73.1763965281478,22.810702052175
2021,4,San Luis,80.2957828313538,22.9789562419762,73.1763965281478,22.810702052175
2021,4,Santa Cruz,43.0512146611735,12.8088213538475,73.1763965281478,22.810702052175
2021,4,Santa Fe,77.0892017943923,24.2396579975196,73.1763965281478,22.810702052175
2021,4,Santiago Del Estero,47.0459491943867,11.6754404704801,73.1763965281478,22.810702052175
2021,4,Tierra Del Fuego,98.4006164486543,29.1710078391825,73.1763965281478,22.810702052175
2021,4,Tucumán,55.9259910242439,13.8528804464241,73.1763965281478,22.810702052175
2021,3,Buenos Aires,71.6821894010193,23.9698919039995,70.5788534144302,21.9825500827064
2021,3,Capital Federal,111.271055142509,45.9003834652686,70.5788534144302,21.9825500827064
2021,3,Catamarca,52.7097934860013,13.4074723766124,70.5788534144302,21.9825500827064
2021,3,Chaco,42.9624100796766,11.4821345600996,70.5788534144302,21.9825500827064
2021,3,Chubut,80.7097384765756,24.7383755028802,70.5788534144302,21.9825500827064
2021,3,Córdoba,81.2845665540848,24.8859576286757,70.5788534144302,21.9825500827064
2021,3,Corrientes,44.9008831266441,11.8228555121759,70.5788534144302,21.9825500827064
2021,3,Entre Ríos,62.1794014538577,18.5905655958691,70.5788534144302,21.9825500827064
2021,3,Formosa,33.9620335406843,8.64358218729535,70.5788534144302,21.9825500827064
2021,3,Jujuy,55.6892647441935,14.240381868424,70.5788534144302,21.9825500827064
2021,3,La Pampa,84.2799630965361,27.7678911910512,70.5788534144302,21.9825500827064
2021,3,La Rioja,77.2601606138685,20.5659645302194,70.5788534144302,21.9825500827064
2021,3,Mendoza,45.548284680561,12.710228113581,70.5788534144302,21.9825500827064
2021,3,Misiones,45.5706536580879,12.4117725813258,70.5788534144302,21.9825500827064
2021,3,Neuquén,69.7065334450161,20.7481620211386,70.5788534144302,21.9825500827064
2021,3,Río Negro,61.9672131147541,19.059250627465,70.5788534144302,21.9825500827064
2021,3,Salta,55.9642780595842,13.5535260221222,70.5788534144302,21.9825500827064
2021,3,San Juan,39.4554480019856,10.0502366420225,70.5788534144302,21.9825500827064
2021,3,San Luis,79.8704334921291,22.8574088187895,70.5788534144302,21.9825500827064
2021,3,Santa Cruz,43.7473202801201,13.0162543718839,70.5788534144302,21.9825500827064
2021,3,Santa Fe,75.0170476272823,23.5881524458178,70.5788534144302,21.9825500827064
2021,3,Santiago Del Estero,47.0,11.6607366908917,70.5788534144302,21.9825500827064
2021,3,Tierra Del Fuego,94.9538682598503,28.1501701128294,70.5788534144302,21.9825500827064
2021,3,Tucumán,54.636044861008,13.5334467757118,70.5788534144302,21.9825500827064
2021,2,Buenos Aires,70.0033033602797,23.352473727873,69.2401826919972,21.5479389275921
2021,2,Capital Federal,110.144402032121,45.4871904812949,69.2401826919972,21.5479389275921
2021,2,Catamarca,52.3403096626386,13.3137486714673,69.2401826919972,21.5479389275921
2021,2,Chaco,43.3276272929354,11.5800413405394,69.2401826919972,21.5479389275921
2021,2,Chubut,72.2941048193647,22.1597817714202,69.2401826919972,21.5479389275921
2021,2,Córdoba,80.1151879593124,24.5284062912537,69.2401826919972,21.5479389275921
2021,2,Corrientes,43.5411637336848,11.4650645801296,69.2401826919972,21.5479389275921
2021,2,Entre Ríos,61.6602644647879,18.4356806329179,69.2401826919972,21.5479389275921
2021,2,Formosa,33.2254841932261,8.45629304957047,69.2401826919972,21.5479389275921
2021,2,Jujuy,56.1821570114677,14.3667840692187,69.2401826919972,21.5479389275921
2021,2,La Pampa,82.080006723254,27.0435584401919,69.2401826919972,21.5479389275921
2021,2,La Rioja,76.9786615851933,20.4915850957506,69.2401826919972,21.5479389275921
2021,2,Mendoza,40.9732418261709,11.4338470668006,69.2401826919972,21.5479389275921
2021,2,Misiones,45.0128113119994,12.2601465948529,69.2401826919972,21.5479389275921
2021,2,Neuquén,69.1402108463862,20.5802361256459,69.2401826919972,21.5479389275921
2021,2,Río Negro,61.9420405741775,19.0520518601284,69.2401826919972,21.5479389275921
2021,2,Salta,54.9300901747889,13.3034413913845,69.2401826919972,21.5479389275921
2021,2,San Juan,39.2840257006206,10.0067190669371,69.2401826919972,21.5479389275921
2021,2,San Luis,83.4781072006307,23.8905552767436,69.2401826919972,21.5479389275921
2021,2,Santa Cruz,44.0149166554342,13.096756425785,69.2401826919972,21.5479389275921
2021,2,Santa Fe,75.0687862629301,23.6047874530137,69.2401826919972,21.5479389275921
2021,2,Santiago Del Estero,46.5572753649211,11.5543888752169,69.2401826919972,21.5479389275921
2021,2,Tierra Del Fuego,67.8858077522918,20.1266479457771,69.2401826919972,21.5479389275921
2021,2,Tucumán,54.928196510348,13.606163819728,69.2401826919972,21.5479389275921
2021,1,Buenos Aires,69.1052407618594,22.998353975762,67.9458763888521,21.1278318121601
2021,1,Capital Federal,108.419939223293,44.8269901646418,67.9458763888521,21.1278318121601
2021,1,Catamarca,48.8990929278482,12.4382789182565,67.9458763888521,21.1278318121601
2021,1,Chaco,43.1364924170879,11.5288964774878,67.9458763888521,21.1278318121601
2021,1,Chubut,68.9942808881567,21.1478383150763,67.9458763888521,21.1278318121601
2021,1,Córdoba,78.5902806238002,24.0613716456615,67.9458763888521,21.1278318121601
2021,1,Corrientes,42.6641284388214,11.2341158695361,67.9458763888521,21.1278318121601
2021,1,Entre Ríos,60.4394497283423,18.0705817215044,67.9458763888521,21.1278318121601
2021,1,Formosa,32.7329557563272,8.33089528442991,67.9458763888521,21.1278318121601
2021,1,Jujuy,55.6324478962054,14.2260459665007,67.9458763888521,21.1278318121601
2021,1,La Pampa,81.7767634575221,26.943299898725,67.9458763888521,21.1278318121601
2021,1,La Rioja,49.8069351907935,13.2583601634496,67.9458763888521,21.1278318121601
2021,1,Mendoza,39.1536615289964,10.9260024514795,67.9458763888521,21.1278318121601
2021,1,Misiones,43.1724389059718,11.7588116112233,67.9458763888521,21.1278318121601
2021,1,Neuquén,66.8420894204527,19.895917331183,67.9458763888521,21.1278318121601
2021,1,Río Negro,60.8792403032577,18.7249056578747,67.9458763888521,21.1278318121601
2021,1,Salta,53.9300192633909,13.0611284262362,67.9458763888521,21.1278318121601
2021,1,San Juan,39.0551943353576,9.94836869480331,67.9458763888521,21.1278318121601
2021,1,San Luis,81.2373017712751,23.248835158317,67.9458763888521,21.1278318121601
2021,1,Santa Cruz,41.6478310399074,12.3918254034438,67.9458763888521,21.1278318121601
2021,1,Santa Fe,73.9165640702618,23.2423821861305,67.9458763888521,21.1278318121601
2021,1,Santiago Del Estero,45.6730828236546,11.3348711690326,67.9458763888521,21.1278318121601
2021,1,Tierra Del Fuego,77.3493560917737,22.9312154304354,67.9458763888521,21.1278318121601
2021,1,Tucumán,54.8189225412539,13.5789638246782,67.9458763888521,21.1278318121601
2020,4,Buenos Aires,68.9770222017074,22.9015115325469,67.6223386615562,21.0101917482845
2020,4,Capital Federal,108.311074890435,44.8339684267828,67.6223386615562,21.0101917482845
2020,4,Catamarca,49.4068835454974,12.5674593085451,67.6223386615562,21.0101917482845
2020,4,Chaco,43.0307886497791,11.5006461780409,67.6223386615562,21.0101917482845
2020,4,Chubut,68.3518991582562,20.9508711746216,67.6223386615562,21.0101917482845
2020,4,Córdoba,78.0796087633819,23.904978675681,67.6223386615562,21.0101917482845
2020,4,Corrientes,42.428283946949,11.1720027347886,67.6223386615562,21.0101917482845
2020,4,Entre Ríos,59.4743067609738,17.7819708307277,67.6223386615562,21.0101917482845
2020,4,Formosa,32.4873819075967,8.26839085381519,67.6223386615562,21.0101917482845
2020,4,Jujuy,53.4565912339089,13.6696231171354,67.6223386615562,21.0101917482845
2020,4,La Pampa,81.7679324894515,26.9404221718048,67.6223386615562,21.0101917482845
2020,4,La Rioja,50.1106121170115,13.3391295117309,67.6223386615562,21.0101917482845
2020,4,Mendoza,38.6295789622782,10.7797538577923,67.6223386615562,21.0101917482845
2020,4,Misiones,42.6441141611923,11.6148987925828,67.6223386615562,21.0101917482845
2020,4,Neuquén,67.0023452204809,19.9435555508951,67.6223386615562,21.0101917482845
2020,4,Río Negro,61.0886154804548,18.7893190551718,67.6223386615562,21.0101917482845
2020,4,Salta,54.0427520014766,13.0883890574111,67.6223386615562,21.0101917482845
2020,4,San Juan,36.3208821557581,9.25185812016353,67.6223386615562,21.0101917482845
2020,4,San Luis,81.679478061057,23.3753143684741,67.6223386615562,21.0101917482845
2020,4,Santa Cruz,36.999572459088,11.0086826606617,67.6223386615562,21.0101917482845
2020,4,Santa Fe,73.5807380726778,23.1367697431769,67.6223386615562,21.0101917482845
2020,4,Santiago Del Estero,43.7492566206899,10.8574371648052,67.6223386615562,21.0101917482845
2020,4,Tierra Del Fuego,76.265834969774,22.6095691431376,67.6223386615562,21.0101917482845
2020,4,Tucumán,54.7834044136996,13.5701698084289,67.6223386615562,21.0101917482845
2020,3,Buenos Aires,67.6561898309092,22.4100880534403,66.31,20.59
2020,3,Capital Federal,107.675901165732,44.6227428971926,66.31,20.59
2020,3,Catamarca,47.157098984172,11.9952888012884,66.31,20.59
2020,3,Chaco,41.5419205780652,11.1027673619054,66.31,20.59
2020,3,Chubut,68.3438981572004,20.9487153048533,66.31,20.59
2020,3,Córdoba,75.2203572366921,23.0297083535099,66.31,20.59
2020,3,Corrientes,41.7507494704644,10.9936136166816,66.31,20.59
2020,3,Entre Ríos,58.1901640924315,17.3981108790514,66.31,20.59
2020,3,Formosa,31.9056233101865,8.12033722939222,66.31,20.59
2020,3,Jujuy,54.0444192382091,13.8200370336799,66.31,20.59
2020,3,La Pampa,79.2644770667028,26.115702018823,66.31,20.59
2020,3,La Rioja,50.1181132363027,13.3413120207716,66.31,20.59
2020,3,Mendoza,37.3486331372327,10.4223554880532,66.31,20.59
2020,3,Misiones,41.6044862854486,11.3317985370104,66.31,20.59
2020,3,Neuquén,65.2441702553022,19.4204592926977,66.31,20.59
2020,3,Río Negro,57.052405915845,17.54802558517,66.31,20.59
2020,3,Salta,52.315712128488,12.6702393071254,66.31,20.59
2020,3,San Juan,38.7899552541285,9.88083251128296,66.31,20.59
2020,3,San Luis,79.9617220941719,22.8839263803681,66.31,20.59
2020,3,Santa Cruz,35.9515289078445,10.6972070325265,66.31,20.59
2020,3,Santa Fe,72.1206024734824,22.6777105226816,66.31,20.59
2020,3,Santiago Del Estero,43.3759313169191,10.7648413009404,66.31,20.59
2020,3,Tierra Del Fuego,76.809095839467,22.7715153638102,66.31,20.59
2020,3,Tucumán,53.2281495112899,13.1849907035556,66.31,20.59
2020,2,Buenos Aires,65.2205801358229,21.5528584048363,64.2100028766699,19.918402765295
2020,2,Capital Federal,106.414805990736,44.151826868205,64.2100028766699,19.918402765295
2020,2,Catamarca,45.4318181818182,11.5566668352857,64.2100028766699,19.918402765295
2020,2,Chaco,39.8325027900658,10.6461982789206,64.2100028766699,19.918402765295
2020,2,Chubut,57.3446133872355,17.5779234120481,64.2100028766699,19.918402765295
2020,2,Córdoba,72.7135853124239,22.2626297682841,64.2100028766699,19.918402765295
2020,2,Corrientes,40.3047626797957,10.6131399504817,64.2100028766699,19.918402765295
2020,2,Entre Ríos,56.5386547397096,16.9046496397221,64.2100028766699,19.918402765295
2020,2,Formosa,31.1394362262631,7.92553974261672,64.2100028766699,19.918402765295
2020,2,Jujuy,47.8878102278728,12.246000275261,64.2100028766699,19.918402765295
2020,2,La Pampa,76.1015828898756,25.0738459648555,64.2100028766699,19.918402765295
2020,2,La Rioja,49.8399350183955,13.2675488804432,64.2100028766699,19.918402765295
2020,2,Mendoza,36.2522434211,10.1166524693736,64.2100028766699,19.918402765295
2020,2,Misiones,40.8877960096961,11.1369196743518,64.2100028766699,19.918402765295
2020,2,Neuquén,63.8984690337643,19.0205986637401,64.2100028766699,19.918402765295
2020,2,Río Negro,56.369335248792,17.3384537515365,64.2100028766699,19.918402765295
2020,2,Salta,51.5815833534036,12.4928228219153,64.2100028766699,19.918402765295
2020,2,San Juan,35.0948577636503,8.93978645060613,64.2100028766699,19.918402765295
2020,2,San Luis,78.4096773527651,22.4402866477222,64.2100028766699,19.918402765295
2020,2,Santa Cruz,35.792623969796,10.6506751720812,64.2100028766699,19.918402765295
2020,2,Santa Fe,70.002168637187,22.0118993487247,64.2100028766699,19.918402765295
2020,2,Santiago Del Estero,43.4671668246836,10.7876486349067,64.2100028766699,19.918402765295
2020,2,Tierra Del Fuego,76.3694826074247,22.6423924473359,64.2100028766699,19.918402765295
2020,2,Tucumán,51.7807409103048,12.8267966617582,64.2100028766699,19.918402765295
2020,1,Buenos Aires,64.3256310174343,21.2080810142128,62.8563611135937,19.4832647686156
2020,1,Capital Federal,105.980174141819,44.0240824345247,62.8563611135937,19.4832647686156
2020,1,Catamarca,37.6154276874603,9.56828644748246,62.8563611135937,19.4832647686156
2020,1,Chaco,37.4838333691726,10.0183580078063,62.8563611135937,19.4832647686156
2020,1,Chubut,51.268489419097,15.7151397399492,62.8563611135937,19.4832647686156
2020,1,Córdoba,70.6880744339108,21.6423266904036,62.8563611135937,19.4832647686156
2020,1,Corrientes,38.7290799422309,10.1981922972643,62.8563611135937,19.4832647686156
2020,1,Entre Ríos,56.1200605143722,16.7793875942568,62.8563611135937,19.4832647686156
2020,1,Formosa,30.2283039626068,7.69363320950793,62.8563611135937,19.4832647686156
2020,1,Jujuy,46.6702306399878,11.9345057136942,62.8563611135937,19.4832647686156
2020,1,La Pampa,75.766787812914,24.9634889459636,62.8563611135937,19.4832647686156
2020,1,La Rioja,46.346631384167,12.3374236886702,62.8563611135937,19.4832647686156
2020,1,Mendoza,33.1420767001727,9.24865632529103,62.8563611135937,19.4832647686156
2020,1,Misiones,39.018347551712,10.6276210559822,62.8563611135937,19.4832647686156
2020,1,Neuquén,61.8474936235507,18.4098728835989,62.8563611135937,19.4832647686156
2020,1,Río Negro,55.1156686596236,16.9526360543075,62.8563611135937,19.4832647686156
2020,1,Salta,49.5956802701287,12.0116972009766,62.8563611135937,19.4832647686156
2020,1,San Juan,32.3922921363047,8.25127788119013,62.8563611135937,19.4832647686156
2020,1,San Luis,76.3085418464193,21.8387693863723,62.8563611135937,19.4832647686156
2020,1,Santa Cruz,35.9742762889655,10.7041725372986,62.8563611135937,19.4832647686156
2020,1,Santa Fe,69.5235794025313,21.8613245878736,62.8563611135937,19.4832647686156
2020,1,Santiago Del Estero,42.4663591879918,10.5392121668386,62.8563611135937,19.4832647686156
2020,1,Tierra Del Fuego,76.0696497901879,22.5525532508604,62.8563611135937,19.4832647686156
2020,1,Tucumán,47.8479232585003,11.8524649017937,62.8563611135937,19.4832647686156
2019,4,Buenos Aires,64.2520528824542,21.1350893819089,62.9199118209147,19.4879000871297
2019,4,Capital Federal,106.245467510411,44.1870536086124,62.9199118209147,19.4879000871297
2019,4,Catamarca,36.4384291271555,9.26886507149251,62.9199118209147,19.4879000871297
2019,4,Chaco,36.8354786303424,9.84506318966921,62.9199118209147,19.4879000871297
2019,4,Chubut,51.1450178551471,15.6771711859264,62.9199118209147,19.4879000871297
2019,4,Córdoba,70.4829556624422,21.5794971664284,62.9199118209147,19.4879000871297
2019,4,Corrientes,38.7674409892621,10.208283637368,62.9199118209147,19.4879000871297
2019,4,Entre Ríos,57.9922169170451,17.339132629893,62.9199118209147,19.4879000871297
2019,4,Formosa,30.471313480544,7.75547611892472,62.9199118209147,19.4879000871297
2019,4,Jujuy,45.3775463317507,11.6039151022838,62.9199118209147,19.4879000871297
2019,4,La Pampa,76.9241896917042,25.3449218476204,62.9199118209147,19.4879000871297
2019,4,La Rioja,47.1358901105243,12.5475635674596,62.9199118209147,19.4879000871297
2019,4,Mendoza,33.6490307202718,9.39011273391884,62.9199118209147,19.4879000871297
2019,4,Misiones,39.7892368404862,10.8375819024918,62.9199118209147,19.4879000871297
2019,4,Neuquén,59.3559009282245,17.6681849769219,62.9199118209147,19.4879000871297
2019,4,Río Negro,55.7050096828749,17.1338703221798,62.9199118209147,19.4879000871297
2019,4,Salta,50.3546389223882,12.1954928055468,62.9199118209147,19.4879000871297
2019,4,San Juan,32.8549757281553,8.36915261267133,62.9199118209147,19.4879000871297
2019,4,San Luis,74.9200260348146,21.4413528932678,62.9199118209147,19.4879000871297
2019,4,Santa Cruz,36.7113630853583,10.9234277977238,62.9199118209147,19.4879000871297
2019,4,Santa Fe,69.4823572559686,21.8483506557326,62.9199118209147,19.4879000871297
2019,4,Santiago Del Estero,42.9207738235818,10.6519742883379,62.9199118209147,19.4879000871297
2019,4,Tierra Del Fuego,79.6953613637709,23.6275467526162,62.9199118209147,19.4879000871297
2019,4,Tucumán,47.6490201252129,11.8031812807121,62.9199118209147,19.4879000871297
2019,3,Buenos Aires,69.3563010607913,22.7617336155622,65.7879845391111,20.3606607185568
2019,3,Capital Federal,112.645387803721,46.9047708934881,65.7879845391111,20.3606607185568
2019,3,Catamarca,30.8836145267372,7.85595476521849,65.7879845391111,20.3606607185568
2019,3,Chaco,35.8460309754608,9.58066438752926,65.7879845391111,20.3606607185568
2019,3,Chubut,47.5662416229331,14.580466548719,65.7879845391111,20.3606607185568
2019,3,Córdoba,68.5923490106902,21.0007817769535,65.7879845391111,20.3606607185568
2019,3,Corrientes,38.4853511358672,10.1340281141787,65.7879845391111,20.3606607185568
2019,3,Entre Ríos,57.9000994579662,17.3116618255979,65.7879845391111,20.3606607185568
2019,3,Formosa,30.1124329977775,7.66417771389022,65.7879845391111,20.3606607185568
2019,3,Jujuy,44.3224868429136,11.334206981241,65.7879845391111,20.3606607185568
2019,3,La Pampa,77.4526942329175,25.5190027056414,65.7879845391111,20.3606607185568
2019,3,La Rioja,47.9429051217464,12.7624317908561,65.7879845391111,20.3606607185568
2019,3,Mendoza,40.7371425873534,11.3681890162792,65.7879845391111,20.3606607185568
2019,3,Misiones,39.3329298674438,10.713348334459,65.7879845391111,20.3606607185568
2019,3,Neuquén,64.1388726949158,19.0920756796417,65.7879845391111,20.3606607185568
2019,3,Río Negro,63.4247008870096,19.5084985912294,65.7879845391111,20.3606607185568
2019,3,Salta,44.4761779222872,10.7718546234161,65.7879845391111,20.3606607185568
2019,3,San Juan,37.0623130355423,9.44094148522601,65.7879845391111,20.3606607185568
2019,3,San Luis,85.2260887684934,24.3909711661747,65.7879845391111,20.3606607185568
2019,3,Santa Cruz,35.6281609788596,10.6015551925842,65.7879845391111,20.3606607185568
2019,3,Santa Fe,68.8717805759303,21.6564247463616,65.7879845391111,20.3606607185568
2019,3,Santiago Del Estero,55.3039114685454,13.7252880483641,65.7879845391111,20.3606607185568
2019,3,Tierra Del Fuego,96.4621096309238,28.5989251932121,65.7879845391111,20.3606607185568
2019,3,Tucumán,39.4876002040168,9.78157418438212,65.7879845391111,20.3606607185568
2019,2,Buenos Aires,67.847139823742,22.2157894842981,64.53,19.96
2019,2,Capital Federal,110.545566994852,46.0859257928109,64.53,19.96
2019,2,Catamarca,32.1309502201928,8.17339703245058,64.53,19.96
2019,2,Chaco,34.1402609798676,9.1250113292671,64.53,19.96
2019,2,Chubut,46.9879841362692,14.4038087278961,64.53,19.96
2019,2,Córdoba,68.0713093878985,20.8416372422382,64.53,19.96
2019,2,Corrientes,38.155585884188,10.0474590194205,64.53,19.96
2019,2,Entre Ríos,57.4782345887239,17.1858204446725,64.53,19.96
2019,2,Formosa,30.4182360069433,7.74219578395609,64.53,19.96
2019,2,Jujuy,44.511922790626,11.3829345908251,64.53,19.96
2019,2,La Pampa,77.083137502884,25.3978398954861,64.53,19.96
2019,2,La Rioja,48.7049391442432,12.965645588675,64.53,19.96
2019,2,Mendoza,40.7546242353627,11.3733565416729,64.53,19.96
2019,2,Misiones,39.1461255416994,10.6628255950184,64.53,19.96
2019,2,Neuquén,63.0809643276744,18.7779008056203,64.53,19.96
2019,2,Río Negro,61.0942074999118,18.7922767563462,64.53,19.96
2019,2,Salta,41.8931983203698,10.146610869132,64.53,19.96
2019,2,San Juan,35.5997173374818,9.06854016252792,64.53,19.96
2019,2,San Luis,81.789994425864,23.4082266301606,64.53,19.96
2019,2,Santa Cruz,28.8460630553221,8.58406482865588,64.53,19.96
2019,2,Santa Fe,67.4229199332195,21.2011304851442,64.53,19.96
2019,2,Santiago Del Estero,52.789971263171,13.101581339389,64.53,19.96
2019,2,Tierra Del Fuego,94.7980342802349,28.1075638215957,64.53,19.96
2019,2,Tucumán,40.1360462142088,9.94246044080586,64.53,19.96
2019,1,Buenos Aires,66.2425552273681,21.6417378514192,62.4791661097718,19.3079067412299
2019,1,Capital Federal,109.196164558838,45.5791838994366,62.4791661097718,19.3079067412299
2019,1,Catamarca,32.1904889561213,8.18850462737457,62.4791661097718,19.3079067412299
2019,1,Chaco,32.6358765794295,8.72283500340746,62.4791661097718,19.3079067412299
2019,1,Chubut,42.997736337178,13.1803680616707,62.4791661097718,19.3079067412299
2019,1,Córdoba,65.5173840768055,20.0595276926967,62.4791661097718,19.3079067412299
2019,1,Corrientes,35.1349868869881,9.25199213887151,62.4791661097718,19.3079067412299
2019,1,Entre Ríos,56.7881599616928,16.9794023932903,62.4791661097718,19.3079067412299
2019,1,Formosa,29.6776946304319,7.55368578631946,62.4791661097718,19.3079067412299
2019,1,Jujuy,46.4084387403666,11.8678497610553,62.4791661097718,19.3079067412299
2019,1,La Pampa,76.3545743378065,25.1575166404727,62.4791661097718,19.3079067412299
2019,1,La Rioja,50.1845878832627,13.3594024786378,62.4791661097718,19.3079067412299
2019,1,Mendoza,37.6571649702829,10.5088620671738,62.4791661097718,19.3079067412299
2019,1,Misiones,36.2571682655235,9.87579609120626,62.4791661097718,19.3079067412299
2019,1,Neuquén,58.8780043343749,17.5264903960343,62.4791661097718,19.3079067412299
2019,1,Río Negro,53.5716497810025,16.478122478196,62.4791661097718,19.3079067412299
2019,1,Salta,40.0983444177161,9.71178101440345,62.4791661097718,19.3079067412299
2019,1,San Juan,31.8330580534655,8.10898201726592,62.4791661097718,19.3079067412299
2019,1,San Luis,67.3379373977716,19.2717794012915,62.4791661097718,19.3079067412299
2019,1,Santa Cruz,23.6676549967689,7.04269163445306,62.4791661097718,19.3079067412299
2019,1,Santa Fe,66.9740909479148,21.0598949173879,62.4791661097718,19.3079067412299
2019,1,Santiago Del Estero,37.5194167460039,9.3116162809496,62.4791661097718,19.3079067412299
2019,1,Tierra Del Fuego,93.3758192272124,27.6849257912618,62.4791661097718,19.3079067412299
2019,1,Tucumán,41.6307444313476,10.3126309673915,62.4791661097718,19.3079067412299
2018,4,Buenos Aires,64.6028466348432,21.0588338233985,61.4158072343577,18.97
2018,4,Capital Federal,108.273149970574,45.2493139403669,61.4158072343577,18.97
2018,4,Catamarca,32.2253461660253,8.19733354162497,61.4158072343577,18.97
2018,4,Chaco,32.5909608763298,8.7108351925502,61.4158072343577,18.97
2018,4,Chubut,42.6109360960454,13.0617297060522,61.4158072343577,18.97
2018,4,Córdoba,65.0892645911237,19.9284311751423,61.4158072343577,18.97
2018,4,Corrientes,34.5662765686955,9.10221065708079,61.4158072343577,18.97
2018,4,Entre Ríos,54.3747734863994,16.2577940353847,61.4158072343577,18.97
2018,4,Formosa,29.73653915732,7.56863913845701,61.4158072343577,18.97
2018,4,Jujuy,46.5322663913268,11.8994841924185,61.4158072343577,18.97
2018,4,La Pampa,73.4940482831421,24.215175627605,61.4158072343577,18.97
2018,4,La Rioja,50.3479939174172,13.4028590482468,61.4158072343577,18.97
2018,4,Mendoza,37.7577838459117,10.5369339699976,61.4158072343577,18.97
2018,4,Misiones,34.4507488777944,9.38376401334208,61.4158072343577,18.97
2018,4,Neuquén,59.0691692663678,17.5833620329143,61.4158072343577,18.97
2018,4,Río Negro,51.8614034542606,15.9520334449713,61.4158072343577,18.97
2018,4,Salta,39.8016100697381,9.63988499012216,61.4158072343577,18.97
2018,4,San Juan,31.8962520702558,8.12506754829948,61.4158072343577,18.97
2018,4,San Luis,67.5504536976004,19.3325493092293,61.4158072343577,18.97
2018,4,Santa Cruz,23.6891941006561,7.04908001650705,61.4158072343577,18.97
2018,4,Santa Fe,65.5870688619156,20.6237364064387,61.4158072343577,18.97
2018,4,Santiago Del Estero,37.4007259512934,9.2821177795649,61.4158072343577,18.97
2018,4,Tierra Del Fuego,93.5925708620794,27.7487853158179,61.4158072343577,18.97
2018,4,Tucumán,41.7579696387777,10.3441204364396,61.4158072343577,18.97
2018,3,Buenos Aires,64.4405675975205,20.9590874010485,60.69,18.73
2018,3,Capital Federal,108.445914110219,45.3770920456075,60.69,18.73
2018,3,Catamarca,32.9159453741104,8.37304655008758,60.69,18.73
2018,3,Chaco,32.2831008330776,8.62858350951374,60.69,18.73
2018,3,Chubut,56.391745852269,17.2863082293932,60.69,18.73
2018,3,Córdoba,64.2421002602934,19.6691574967699,60.69,18.73
2018,3,Corrientes,34.2499388738322,9.01894817024788,60.69,18.73
2018,3,Entre Ríos,50.2220138583775,15.0162082107412,60.69,18.73
2018,3,Formosa,29.5765734288784,7.52794981031211,60.69,18.73
2018,3,Jujuy,23.2637001371955,5.9491656472258,60.69,18.73
2018,3,La Pampa,71.7502365184484,23.6405627895773,60.69,18.73
2018,3,La Rioja,50.7330431805956,13.5054845201924,60.69,18.73
2018,3,Mendoza,37.9905972679962,10.6019692319668,60.69,18.73
2018,3,Misiones,32.103666418059,8.74450949017475,60.69,18.73
2018,3,Neuquén,60.4866167439691,18.0054517097913,60.69,18.73
2018,3,Río Negro,50.5426480870375,15.5465724582987,60.69,18.73
2018,3,Salta,39.4274134206841,9.54934134172116,60.69,18.73
2018,3,San Juan,33.0514165039238,8.41935795556925,60.69,18.73
2018,3,San Luis,52.3531149755192,14.9833598756571,60.69,18.73
2018,3,Santa Cruz,32.7278502945593,9.7389874592526,60.69,18.73
2018,3,Santa Fe,63.4096146162309,19.9391069827321,60.69,18.73
2018,3,Santiago Del Estero,36.2496169780513,8.99651744351393,60.69,18.73
2018,3,Tierra Del Fuego,92.7719183939406,27.5060216962167,60.69,18.73
2018,3,Tucumán,41.6810135952876,10.325137534987,60.69,18.73
2018,2,Buenos Aires,62.7822665109499,20.3745823244351,59.1620687879326,18.24
2018,2,Capital Federal,106.534941281467,44.632577746788,59.1620687879326,18.24
2018,2,Catamarca,32.8575008674866,8.35838388395506,59.1620687879326,18.24
2018,2,Chaco,31.2517049960349,8.35312361429173,59.1620687879326,18.24
2018,2,Chubut,54.9023033373551,16.8304851291441,59.1620687879326,18.24
2018,2,Córdoba,63.2743661231958,19.373198551696,59.1620687879326,18.24
2018,2,Corrientes,33.8097539088117,8.90324738534082,59.1620687879326,18.24
2018,2,Entre Ríos,49.2026118705284,14.7116484535059,59.1620687879326,18.24
2018,2,Formosa,29.434226520797,7.4919076165093,59.1620687879326,18.24
2018,2,Jujuy,23.4322027298545,5.99239747680142,59.1620687879326,18.24
2018,2,La Pampa,71.0403378727806,23.407010658268,59.1620687879326,18.24
2018,2,La Rioja,50.9778907392324,13.5709228844089,59.1620687879326,18.24
2018,2,Mendoza,36.9728727240613,10.318226443151,59.1620687879326,18.24
2018,2,Misiones,31.6309076822218,8.61598877251767,59.1620687879326,18.24
2018,2,Neuquén,60.2367916140203,17.9318778103692,59.1620687879326,18.24
2018,2,Río Negro,50.1478946239634,15.4255830893773,59.1620687879326,18.24
2018,2,Salta,39.9371920998973,9.67310280884578,59.1620687879326,18.24
2018,2,San Juan,32.9466488486842,8.39284171164165,59.1620687879326,18.24
2018,2,San Luis,15.1504244913514,4.33613750896293,59.1620687879326,18.24
2018,2,Santa Cruz,33.3323645100661,9.91958805094006,59.1620687879326,18.24
2018,2,Santa Fe,62.5707923995744,19.6755915306821,59.1620687879326,18.24
2018,2,Santiago Del Estero,35.2564642111642,8.75016058933937,59.1620687879326,18.24
2018,2,Tierra Del Fuego,91.6051962953856,27.1623165159911,59.1620687879326,18.24
2018,2,Tucumán,41.5125631700174,10.2836712071486,59.1620687879326,18.24
2018,1,Buenos Aires,62.6262116616845,20.2796529105795,58.82,18.12
2018,1,Capital Federal,106.235671745868,44.5629613204179,58.82,18.12
2018,1,Catamarca,32.7936161374153,8.34209853727587,58.82,18.12
2018,1,Chaco,30.8299276457025,8.240328535252,58.82,18.12
2018,1,Chubut,53.7156048824891,16.4663265563409,58.82,18.12
2018,1,Córdoba,63.5171696520162,19.4473810733398,58.82,18.12
2018,1,Corrientes,32.6634608731751,8.60133260210877,58.82,18.12
2018,1,Entre Ríos,48.6812024178572,14.5556734563254,58.82,18.12
2018,1,Formosa,21.4043102592114,5.44800982825826,58.82,18.12
2018,1,Jujuy,23.1212608756775,5.91282950582615,58.82,18.12
2018,1,La Pampa,71.751636922758,23.6412486623102,58.82,18.12
2018,1,La Rioja,51.4435101124481,13.6947700631199,58.82,18.12
2018,1,Mendoza,37.0721511024033,10.3458430919679,58.82,18.12
2018,1,Misiones,30.9567358844696,8.43227841660731,58.82,18.12
2018,1,Neuquén,61.5173903515637,18.3128386973519,58.82,18.12
2018,1,Río Negro,49.8168613122324,15.3235670915437,58.82,18.12
2018,1,Salta,39.7755916329188,9.63384544384639,58.82,18.12
2018,1,San Juan,32.6091774516929,8.30680071057099,58.82,18.12
2018,1,San Luis,15.1487903482749,4.33561502267505,58.82,18.12
2018,1,Santa Cruz,33.5527598985762,9.98473486255572,58.82,18.12
2018,1,Santa Fe,62.2819984430096,19.5846823687574,58.82,18.12
2018,1,Santiago Del Estero,34.9882694482421,8.68350419053065,58.82,18.12
2018,1,Tierra Del Fuego,65.1996370235935,19.3315233343117,58.82,18.12
2018,1,Tucumán,41.1760093888662,10.2001773500551,58.82,18.12
2017,4,Buenos Aires,57.6096152902582,18.6146492483549,57.7823509631833,17.7929770681446
2017,4,Capital Federal,122.89742418735,51.6167209151056,57.7823509631833,17.7929770681446
2017,4,Catamarca,28.6209500939249,7.28060041922938,57.7823509631833,17.7929770681446
2017,4,Chaco,30.8081581112365,8.23450197946808,57.7823509631833,17.7929770681446
2017,4,Chubut,51.4630962674935,15.7758159308052,57.7823509631833,17.7929770681446
2017,4,Córdoba,63.3326256520777,19.3908577867931,57.7823509631833,17.7929770681446
2017,4,Corrientes,32.5151183111876,8.56226362030962,57.7823509631833,17.7929770681446
2017,4,Entre Ríos,47.8852452937468,14.3176351801836,57.7823509631833,17.7929770681446
2017,4,Formosa,21.2709766892497,5.41406007215144,57.7823509631833,17.7929770681446
2017,4,Jujuy,22.742083716267,5.81583543877829,57.7823509631833,17.7929770681446
2017,4,La Pampa,71.0497610637856,23.4099297739188,57.7823509631833,17.7929770681446
2017,4,La Rioja,51.5684744054618,13.7279656603595,57.7823509631833,17.7929770681446
2017,4,Mendoza,33.3256255341505,9.30028099444051,57.7823509631833,17.7929770681446
2017,4,Misiones,31.1421848537985,8.48278947789551,57.7823509631833,17.7929770681446
2017,4,Neuquén,61.242323177851,18.2308851652642,57.7823509631833,17.7929770681446
2017,4,Río Negro,49.3756297682453,15.1878136627227,57.7823509631833,17.7929770681446
2017,4,Salta,39.796242471459,9.63881653575366,57.7823509631833,17.7929770681446
2017,4,San Juan,30.2999291912817,7.71852860282045,57.7823509631833,17.7929770681446
2017,4,San Luis,10.5867310697542,3.0299272402738,57.7823509631833,17.7929770681446
2017,4,Santa Cruz,28.9124928828068,8.60382164860814,57.7823509631833,17.7929770681446
2017,4,Santa Fe,61.7127712196729,19.405680474329,57.7823509631833,17.7929770681446
2017,4,Santiago Del Estero,29.1263861095011,7.22868794966673,57.7823509631833,17.7929770681446
2017,4,Tierra Del Fuego,59.8941359626362,17.7584933530281,57.7823509631833,17.7929770681446
2017,4,Tucumán,39.8968735176797,9.8832869606512,57.7823509631833,17.7929770681446
2017,3,Buenos Aires,55.6293833953396,17.9358709735921,56.8992214122315,17.5090322340829
2017,3,Capital Federal,121.858325909693,51.2444496511116,56.8992214122315,17.5090322340829
2017,3,Catamarca,32.4909256779052,8.26509123497419,56.8992214122315,17.5090322340829
2017,3,Chaco,29.9759256476576,8.01210373802466,56.8992214122315,17.5090322340829
2017,3,Chubut,46.2153774665184,14.1673718358536,56.8992214122315,17.5090322340829
2017,3,Córdoba,62.3070022529633,19.0769539156083,56.8992214122315,17.5090322340829
2017,3,Corrientes,32.165435745938,8.4702126705405,56.8992214122315,17.5090322340829
2017,3,Entre Ríos,45.9581216701772,13.741494179292,56.8992214122315,17.5090322340829
2017,3,Formosa,21.3503843800708,5.43429504811395,56.8992214122315,17.5090322340829
2017,3,Jujuy,22.6453629950826,5.79114280051213,56.8992214122315,17.5090322340829
2017,3,La Pampa,69.1399370114264,22.7808079768561,56.8992214122315,17.5090322340829
2017,3,La Rioja,51.465252304947,13.7006510798107,56.8992214122315,17.5090322340829
2017,3,Mendoza,35.7049317772057,9.96432346586244,56.8992214122315,17.5090322340829
2017,3,Misiones,30.2059909330319,8.22783358937152,56.8992214122315,17.5090322340829
2017,3,Neuquén,60.8304131050389,18.1084813517863,56.8992214122315,17.5090322340829
2017,3,Río Negro,48.5186589395006,14.9243619077237,56.8992214122315,17.5090322340829
2017,3,Salta,39.8397008069074,9.64942748439008,56.8992214122315,17.5090322340829
2017,3,San Juan,32.3668893599598,8.24511556549592,56.8992214122315,17.5090322340829
2017,3,San Luis,15.4778617902981,4.42980917494065,56.8992214122315,17.5090322340829
2017,3,Santa Cruz,33.2918297165896,9.90736656374063,56.8992214122315,17.5090322340829
2017,3,Santa Fe,60.9063556345152,19.1521648988496,56.8992214122315,17.5090322340829
2017,3,Santiago Del Estero,35.1210448843849,8.71651583615132,56.8992214122315,17.5090322340829
2017,3,Tierra Del Fuego,65.7418047343459,19.4927643968679,56.8992214122315,17.5090322340829
2017,3,Tucumán,39.6953791612326,9.83344845550024,56.8992214122315,17.5090322340829
2017,2,Buenos Aires,56.2721441616913,18.1041564810005,54.9011906598371,16.8829367167329
2017,2,Capital Federal,124.061393756425,52.236738675121,54.9011906598371,16.8829367167329
2017,2,Catamarca,25.9771210676835,6.60818568741958,54.9011906598371,16.8829367167329
2017,2,Chaco,29.0455247754534,7.76358719866201,54.9011906598371,16.8829367167329
2017,2,Chubut,35.5460111791441,10.8971148834405,54.9011906598371,16.8829367167329
2017,2,Córdoba,58.9735289080036,18.0566153106088,54.9011906598371,16.8829367167329
2017,2,Corrientes,31.386121368355,8.26516561613311,54.9011906598371,16.8829367167329
2017,2,Entre Ríos,45.3893310282472,13.5716635856636,54.9011906598371,16.8829367167329
2017,2,Formosa,19.965076445262,5.08181870616855,54.9011906598371,16.8829367167329
2017,2,Jujuy,22.4034158946241,5.72941710564843,54.9011906598371,16.8829367167329
2017,2,La Pampa,63.4935264809968,20.9208113683245,54.9011906598371,16.8829367167329
2017,2,La Rioja,16.2034458061436,4.31364137112834,54.9011906598371,16.8829367167329
2017,2,Mendoza,31.7586053613908,8.86323196292613,54.9011906598371,16.8829367167329
2017,2,Misiones,30.0892480250859,8.19626218117457,54.9011906598371,16.8829367167329
2017,2,Neuquén,61.9101342766616,18.4306345952835,54.9011906598371,16.8829367167329
2017,2,Río Negro,46.0208051229332,14.1565144707972,54.9011906598371,16.8829367167329
2017,2,Salta,32.7394202636262,7.9299418666242,54.9011906598371,16.8829367167329
2017,2,San Juan,26.964616120247,6.86906267170671,54.9011906598371,16.8829367167329
2017,2,San Luis,9.5139703148683,2.72299969919519,54.9011906598371,16.8829367167329
2017,2,Santa Cruz,26.2486198287096,7.81200042630289,54.9011906598371,16.8829367167329
2017,2,Santa Fe,52.2696112396987,16.4365192755623,54.9011906598371,16.8829367167329
2017,2,Santiago Del Estero,14.118988073972,3.50415323861831,54.9011906598371,16.8829367167329
2017,2,Tierra Del Fuego,68.4632207595576,20.3013051150784,54.9011906598371,16.8829367167329
2017,2,Tucumán,38.1862336563929,9.45982373143856,54.9011906598371,16.8829367167329
2017,1,Buenos Aires,58.5740024492033,18.8048550310117,54.1621158241475,16.6445653587914
2017,1,Capital Federal,108.369208365608,45.687714654171,54.1621158241475,16.6445653587914
2017,1,Catamarca,25.6593508380215,6.52734131816727,54.1621158241475,16.6445653587914
2017,1,Chaco,28.6216605384279,7.65022534015797,54.1621158241475,16.6445653587914
2017,1,Chubut,35.662220237763,10.9325033920258,54.1621158241475,16.6445653587914
2017,1,Córdoba,57.6533295928744,17.6522425706022,54.1621158241475,16.6445653587914
2017,1,Corrientes,30.9406001096441,8.14778714678486,54.1621158241475,16.6445653587914
2017,1,Entre Ríos,44.9072736870412,13.4274342450088,54.1621158241475,16.6445653587914
2017,1,Formosa,19.8424891786459,5.05059092168821,54.1621158241475,16.6445653587914
2017,1,Jujuy,22.7569859622323,5.81976940765058,54.1621158241475,16.6445653587914
2017,1,La Pampa,62.6692810457516,20.64904971243,54.1621158241475,16.6445653587914
2017,1,La Rioja,16.1955241460542,4.31144439366078,54.1621158241475,16.6445653587914
2017,1,Mendoza,31.8430127701797,8.88670624572537,54.1621158241475,16.6445653587914
2017,1,Misiones,29.522202363131,8.04171321055632,54.1621158241475,16.6445653587914
2017,1,Neuquén,61.0230200678275,18.1662540084548,54.1621158241475,16.6445653587914
2017,1,Río Negro,46.0295387411952,14.1589456556382,54.1621158241475,16.6445653587914
2017,1,Salta,32.5754893148231,7.89012629128218,54.1621158241475,16.6445653587914
2017,1,San Juan,27.0367609884239,6.88739031200583,54.1621158241475,16.6445653587914
2017,1,San Luis,9.5455001936789,2.73198352638775,54.1621158241475,16.6445653587914
2017,1,Santa Cruz,26.5249917378546,7.89382704275053,54.1621158241475,16.6445653587914
2017,1,Santa Fe,51.9701076920804,16.3422547458363,54.1621158241475,16.6445653587914
2017,1,Santiago Del Estero,14.7021194933686,3.648850889801,54.1621158241475,16.6445653587914
2017,1,Tierra Del Fuego,68.9197485128813,20.4354867056667,54.1621158241475,16.6445653587914
2017,1,Tucumán,37.900160758941,9.38885279995182,54.1621158241475,16.6445653587914
2016,4,Buenos Aires,61.2365874303569,18.5786407358338,53.9360186642862,16.5640000309732
2016,4,Capital Federal,120.631331736324,45.7837382772723,53.9360186642862,16.5640000309732
2016,4,Catamarca,26.5435155899619,6.7208130408733,53.9360186642862,16.5640000309732
2016,4,Chaco,28.7866560852553,7.65324009589054,53.9360186642862,16.5640000309732
2016,4,Chubut,36.072905464279,10.959254911599,53.9360186642862,16.5640000309732
2016,4,Córdoba,57.696719154379,17.5712914597652,53.9360186642862,16.5640000309732
2016,4,Corrientes,30.9810703764977,8.11989603111693,53.9360186642862,16.5640000309732
2016,4,Entre Ríos,45.208402854677,13.4519827391907,53.9360186642862,16.5640000309732
2016,4,Formosa,19.8482360781639,5.02928480990009,53.9360186642862,16.5640000309732
2016,4,Jujuy,22.6513870082414,5.75880438439226,53.9360186642862,16.5640000309732
2016,4,La Pampa,63.016182768654,20.6707608364078,53.9360186642862,16.5640000309732
2016,4,La Rioja,16.4553163840162,4.35056208536871,53.9360186642862,16.5640000309732
2016,4,Mendoza,32.10735338479,8.91094173348024,53.9360186642862,16.5640000309732
2016,4,Misiones,29.7201498077974,8.04702456742802,53.9360186642862,16.5640000309732
2016,4,Neuquén,60.8736672281991,17.9932474938908,53.9360186642862,16.5640000309732
2016,4,Río Negro,46.3852103506557,14.1702506094807,53.9360186642862,16.5640000309732
2016,4,Salta,32.6941197393755,7.86548754842606,53.9360186642862,16.5640000309732
2016,4,San Juan,27.2924214521971,6.91328731665229,53.9360186642862,16.5640000309732
2016,4,San Luis,9.64068243537056,2.74102682939389,53.9360186642862,16.5640000309732
2016,4,Santa Cruz,27.0467602148458,7.94078021526284,53.9360186642862,16.5640000309732
2016,4,Santa Fe,52.191050237189,16.3450119715011,53.9360186642862,16.5640000309732
2016,4,Santiago Del Estero,15.0678475104333,3.71972042933157,53.9360186642862,16.5640000309732
2016,4,Tierra Del Fuego,70.3052659053947,20.5713238639236,53.9360186642862,16.5640000309732
2016,4,Tucumán,37.9807622036193,9.34955339748364,53.9360186642862,16.5640000309732
2016,3,Buenos Aires,60.1432954546882,18.2953085979519,53.7341862288777,16.5046756740027
2016,3,Capital Federal,120.772877751015,45.854720267722,53.7341862288777,16.5046756740027
2016,3,Catamarca,26.4806767574637,6.72059087375157,53.7341862288777,16.5046756740027
2016,3,Chaco,28.910749068481,7.7068778032764,53.7341862288777,16.5046756740027
2016,3,Chubut,36.1786944287865,11.0411695849893,53.7341862288777,16.5046756740027
2016,3,Córdoba,58.243816258032,17.7855048043124,53.7341862288777,16.5046756740027
2016,3,Corrientes,31.0668788260512,8.16172673090231,53.7341862288777,16.5046756740027
2016,3,Entre Ríos,45.4351408844733,13.5523719961486,53.7341862288777,16.5046756740027
2016,3,Formosa,18.6397083028628,4.73374802305046,53.7341862288777,16.5046756740027
2016,3,Jujuy,22.6051542652569,5.76400350138348,53.7341862288777,16.5046756740027
2016,3,La Pampa,61.7317854365091,20.2948293814121,53.7341862288777,16.5046756740027
2016,3,La Rioja,17.0745591064841,4.52988708727993,53.7341862288777,16.5046756740027
2016,3,Mendoza,32.0883588456665,8.93044444956212,53.7341862288777,16.5046756740027
2016,3,Misiones,29.9053857758982,8.12165282352103,53.7341862288777,16.5046756740027
2016,3,Neuquén,60.2148508885395,17.8621510152284,53.7341862288777,16.5046756740027
2016,3,Río Negro,46.3879653621594,14.2202015652272,53.7341862288777,16.5046756740027
2016,3,Salta,32.9558316811803,7.95537239122445,53.7341862288777,16.5046756740027
2016,3,San Juan,27.3171271359908,6.93918862981469,53.7341862288777,16.5046756740027
2016,3,San Luis,9.63053968688516,2.74724252738872,53.7341862288777,16.5046756740027
2016,3,Santa Cruz,26.8352018954507,7.93248460752977,53.7341862288777,16.5046756740027
2016,3,Santa Fe,52.6721503688625,16.5293619323644,53.7341862288777,16.5046756740027
2016,3,Santiago Del Estero,15.3296465784729,3.79448087117706,53.7341862288777,16.5046756740027
2016,3,Tierra Del Fuego,68.9404924910074,20.3071031925247,53.7341862288777,16.5046756740027
2016,3,Tucumán,37.8973634102384,9.35861636036972,53.7341862288777,16.5046756740027
2016,2,Buenos Aires,59.3385267910581,18.0986845682896,53.3422011526116,16.3713514993317
2016,2,Capital Federal,120.039535048253,45.5937571210413,53.3422011526116,16.3713514993317
2016,2,Catamarca,26.0741880597406,6.6329805701326,53.3422011526116,16.3713514993317
2016,2,Chaco,28.5935505552226,7.64289673329407,53.3422011526116,16.3713514993317
2016,2,Chubut,36.1243856555634,11.0748247879331,53.3422011526116,16.3713514993317
2016,2,Córdoba,57.5479805282864,17.6203480143202,53.3422011526116,16.3713514993317
2016,2,Corrientes,30.5801620466166,8.05303989383131,53.3422011526116,16.3713514993317
2016,2,Entre Ríos,44.7388745451874,13.3773061346933,53.3422011526116,16.3713514993317
2016,2,Formosa,19.370070664564,4.93043941201745,53.3422011526116,16.3713514993317
2016,2,Jujuy,21.8882810435767,5.59776138470153,53.3422011526116,16.3713514993317
2016,2,La Pampa,60.4368602573793,19.9138554042725,53.3422011526116,16.3713514993317
2016,2,La Rioja,16.8789026111115,4.49348905893409,53.3422011526116,16.3713514993317
2016,2,Mendoza,32.1259717944259,8.96594364845842,53.3422011526116,16.3713514993317
2016,2,Misiones,29.239512823022,7.96497621687945,53.3422011526116,16.3713514993317
2016,2,Neuquén,59.098285533662,17.5941757650438,53.3422011526116,16.3713514993317
2016,2,Río Negro,46.2401130781274,14.2242913561553,53.3422011526116,16.3713514993317
2016,2,Salta,32.081726025082,7.77081242802712,53.3422011526116,16.3713514993317
2016,2,San Juan,27.3407815140911,6.96499758294645,53.3422011526116,16.3713514993317
2016,2,San Luis,9.60373385160232,2.74873045396768,53.3422011526116,16.3713514993317
2016,2,Santa Cruz,26.7289117253198,7.95535776752335,53.3422011526116,16.3713514993317
2016,2,Santa Fe,52.4364772593711,16.48911930902,53.3422011526116,16.3713514993317
2016,2,Santiago Del Estero,15.8889250473061,3.94345309540957,53.3422011526116,16.3713514993317
2016,2,Tierra Del Fuego,67.7182428825529,20.0813268442623,53.3422011526116,16.3713514993317
2016,2,Tucumán,37.2356828933842,9.22451233434258,53.3422011526116,16.3713514993317
2016,1,Buenos Aires,57.3359078225411,17.5350792164395,51.845451696958,15.9018018688339
2016,1,Capital Federal,115.160058888848,43.7577841271835,51.845451696958,15.9018018688339
2016,1,Catamarca,25.9102179811905,6.60687952691047,51.845451696958,15.9018018688339
2016,1,Chaco,28.0751464477524,7.52473407557994,51.845451696958,15.9018018688339
2016,1,Chubut,36.0927055378499,11.1159314993789,51.845451696958,15.9018018688339
2016,1,Córdoba,55.2830927837402,16.9726662396085,51.845451696958,15.9018018688339
2016,1,Corrientes,30.0807850041331,7.94060144931573,51.845451696958,15.9018018688339
2016,1,Entre Ríos,43.8459681446623,13.1425400956748,51.845451696958,15.9018018688339
2016,1,Formosa,19.0418783694349,4.85805369012364,51.845451696958,15.9018018688339
2016,1,Jujuy,21.410011288564,5.49180026198814,51.845451696958,15.9018018688339
2016,1,La Pampa,57.8408686550453,19.1017714242668,51.845451696958,15.9018018688339
2016,1,La Rioja,16.8335183724942,4.49695820154003,51.845451696958,15.9018018688339
2016,1,Mendoza,32.1233388880128,8.99056782533634,51.845451696958,15.9018018688339
2016,1,Misiones,28.3676525909563,7.75121532265461,51.845451696958,15.9018018688339
2016,1,Neuquén,55.7539370042541,16.6592100932178,51.845451696958,15.9018018688339
2016,1,Río Negro,45.8351263870833,14.1492946047505,51.845451696958,15.9018018688339
2016,1,Salta,31.3155459711532,7.61131509310719,51.845451696958,15.9018018688339
2016,1,San Juan,27.3307941100043,6.98238758065924,51.845451696958,15.9018018688339
2016,1,San Luis,9.58634628277021,2.75295018391838,51.845451696958,15.9018018688339
2016,1,Santa Cruz,26.86586252145,8.05141980281112,51.845451696958,15.9018018688339
2016,1,Santa Fe,51.2773408540762,16.1578043492324,51.845451696958,15.9018018688339
2016,1,Santiago Del Estero,16.205749206822,4.03285507054127,51.845451696958,15.9018018688339
2016,1,Tierra Del Fuego,65.8330416313501,19.6541853628346,51.845451696958,15.9018018688339
2016,1,Tucumán,36.7247713663659,9.12710614274777,51.845451696958,15.9018018688339
2015,4,Buenos Aires,58.2918218273372,17.6833488562859,52.6308875044894,16.1226969462781
2015,4,Capital Federal,118.130363211538,44.8329837809894,52.6308875044894,16.1226969462781
2015,4,Catamarca,26.2394517885919,6.64339437499843,52.6308875044894,16.1226969462781
2015,4,Chaco,28.3505662351414,7.53670916277073,52.6308875044894,16.1226969462781
2015,4,Chubut,36.8901782778659,11.2055521034806,52.6308875044894,16.1226969462781
2015,4,Córdoba,57.3648817660792,17.4691679941471,52.6308875044894,16.1226969462781
2015,4,Corrientes,30.3364314453388,7.95036315669479,52.6308875044894,16.1226969462781
2015,4,Entre Ríos,44.108548073001,13.1239623080906,52.6308875044894,16.1226969462781
2015,4,Formosa,19.0654915167863,4.83056312716579,52.6308875044894,16.1226969462781
2015,4,Jujuy,21.4714737939107,5.45834125160131,52.6308875044894,16.1226969462781
2015,4,La Pampa,58.7563372001228,19.2721612721497,52.6308875044894,16.1226969462781
2015,4,La Rioja,17.3157786484107,4.5777751342349,52.6308875044894,16.1226969462781
2015,4,Mendoza,32.4889524950014,9.01590756856533,52.6308875044894,16.1226969462781
2015,4,Misiones,28.6866588915424,7.76631710307749,52.6308875044894,16.1226969462781
2015,4,Neuquén,58.2893377687955,17.2263045298112,52.6308875044894,16.1226969462781
2015,4,Río Negro,46.4394811149431,14.1850246582903,52.6308875044894,16.1226969462781
2015,4,Salta,31.5934926480719,7.59985056808734,52.6308875044894,16.1226969462781
2015,4,San Juan,27.6648539357743,7.00715004316423,52.6308875044894,16.1226969462781
2015,4,San Luis,9.70576898450631,2.75929157725098,52.6308875044894,16.1226969462781
2015,4,Santa Cruz,27.7447690664797,8.143243109871939,52.6308875044894,16.1226969462781
2015,4,Santa Fe,52.6080897858581,16.4749431693188,52.6308875044894,16.1226969462781
2015,4,Santiago Del Estero,17.0049780380361,4.19782273142194,52.6308875044894,16.1226969462781
2015,4,Tierra Del Fuego,66.4622043362379,19.4419202409388,52.6308875044894,16.1226969462781
2015,4,Tucumán,37.0621732832959,9.12260741910043,52.6308875044894,16.1226969462781
2015,3,Buenos Aires,57.6886810560801,17.5478839831824,52.4591062215395,16.0502891476947
2015,3,Capital Federal,118.28921116432,44.9110922281475,52.4591062215395,16.0502891476947
2015,3,Catamarca,25.8637811846376,6.56384739614516,52.4591062215395,16.0502891476947
2015,3,Chaco,27.9630727934794,7.4540202988244,52.4591062215395,16.0502891476947
2015,3,Chubut,36.8118099146332,11.2335781697583,52.4591062215395,16.0502891476947
2015,3,Córdoba,57.0834037895185,17.4307349890253,52.4591062215395,16.0502891476947
2015,3,Corrientes,30.167412409019,7.92519113592012,52.4591062215395,16.0502891476947
2015,3,Entre Ríos,43.6771816352633,13.027710914374,52.4591062215395,16.0502891476947
2015,3,Formosa,18.8367517737853,4.78363992388097,52.4591062215395,16.0502891476947
2015,3,Jujuy,21.2703333470887,5.42345455542757,52.4591062215395,16.0502891476947
2015,3,La Pampa,57.9639597509152,19.055588379965,52.4591062215395,16.0502891476947
2015,3,La Rioja,17.1511294420325,4.55007908580606,52.4591062215395,16.0502891476947
2015,3,Mendoza,32.4919958318665,9.04240199075449,52.4591062215395,16.0502891476947
2015,3,Misiones,28.3063450934369,7.68704138427488,52.4591062215395,16.0502891476947
2015,3,Neuquén,54.5993148967112,16.1952130313712,52.4591062215395,16.0502891476947
2015,3,Río Negro,46.3891866567451,14.2198456021744,52.4591062215395,16.0502891476947
2015,3,Salta,31.1759452128584,7.52537878306051,52.4591062215395,16.0502891476947
2015,3,San Juan,27.66538565566,7.02746288735124,52.4591062215395,16.0502891476947
2015,3,San Luis,9.70650326873876,2.76881185526522,52.4591062215395,16.0502891476947
2015,3,Santa Cruz,27.6060609834294,8.15935448203892,52.4591062215395,16.0502891476947
2015,3,Santa Fe,52.1459547408435,16.3639671637834,52.4591062215395,16.0502891476947
2015,3,Santiago Del Estero,17.1188225313532,4.2373027191788,52.4591062215395,16.0502891476947
2015,3,Tierra Del Fuego,74.8584578403385,22.0480211219742,52.4591062215395,16.0502891476947
2015,3,Tucumán,36.6103595277426,9.04046893117945,52.4591062215395,16.0502891476947
2015,2,Buenos Aires,56.8028056143921,17.325662544573,51.7602660815406,15.8172335655737
2015,2,Capital Federal,116.066270918604,44.0848542837935,51.7602660815406,15.8172335655737
2015,2,Catamarca,25.4534180446982,6.47514486431421,51.7602660815406,15.8172335655737
2015,2,Chaco,27.4645393883995,7.34122953862533,51.7602660815406,15.8172335655737
2015,2,Chubut,36.5824672045848,11.2156780993502,51.7602660815406,15.8172335655737
2015,2,Córdoba,55.8691635078182,17.1065201027829,51.7602660815406,15.8172335655737
2015,2,Corrientes,29.5840126681085,7.79082336835569,51.7602660815406,15.8172335655737
2015,2,Entre Ríos,42.9319790164588,12.8371812612236,51.7602660815406,15.8172335655737
2015,2,Formosa,18.3602672052786,4.67347848472179,51.7602660815406,15.8172335655737
2015,2,Jujuy,20.2872190775949,5.18839248135606,51.7602660815406,15.8172335655737
2015,2,La Pampa,56.7076652253,18.6853290469759,51.7602660815406,15.8172335655737
2015,2,La Rioja,16.8831909819638,4.49467875121494,51.7602660815406,15.8172335655737
2015,2,Mendoza,32.4919958318665,9.0682944930269,51.7602660815406,15.8172335655737
2015,2,Misiones,27.3476824488217,7.4498150149301,51.7602660815406,15.8172335655737
2015,2,Neuquén,53.1173365932314,15.8141751619626,51.7602660815406,15.8172335655737
2015,2,Río Negro,45.9761201343233,14.1434385659295,51.7602660815406,15.8172335655737
2015,2,Salta,30.4611238427009,7.3784438043808,51.7602660815406,15.8172335655737
2015,2,San Juan,27.6430534204585,7.04209707875153,51.7602660815406,15.8172335655737
2015,2,San Luis,9.70797183720366,2.77861844594083,51.7602660815406,15.8172335655737
2015,2,Santa Cruz,27.0722450274482,8.05806385021754,51.7602660815406,15.8172335655737
2015,2,Santa Fe,51.1765389086788,16.0930258586793,51.7602660815406,15.8172335655737
2015,2,Santiago Del Estero,17.1105666329829,4.24666870850714,51.7602660815406,15.8172335655737
2015,2,Tierra Del Fuego,74.5078743166472,22.0959537800472,51.7602660815406,15.8172335655737
2015,2,Tucumán,35.6877056091873,8.84118769070267,51.7602660815406,15.8172335655737
2015,1,Buenos Aires,56.3704843302674,17.241393436944,51.3645863622347,15.6772340033791
2015,1,Capital Federal,114.896997148903,43.658724990074,51.3645863622347,15.6772340033791
2015,1,Catamarca,25.1094663307876,6.40301699079434,51.3645863622347,15.6772340033791
2015,1,Chaco,26.6495912203056,7.14308917535775,51.3645863622347,15.6772340033791
2015,1,Chubut,37.6127806859079,11.5857987745568,51.3645863622347,15.6772340033791
2015,1,Córdoba,54.6973465018821,16.7936219024859,51.3645863622347,15.6772340033791
2015,1,Corrientes,28.9501912819093,7.64256876399628,51.3645863622347,15.6772340033791
2015,1,Entre Ríos,42.0651933735121,12.6093360869829,51.3645863622347,15.6772340033791
2015,1,Formosa,18.1227036739718,4.62384901660949,51.3645863622347,15.6772340033791
2015,1,Jujuy,19.6897136326236,5.05087991347104,51.3645863622347,15.6772340033791
2015,1,La Pampa,55.5080323273377,18.332348933632,51.3645863622347,15.6772340033791
2015,1,La Rioja,16.7032017874138,4.46232446314409,51.3645863622347,15.6772340033791
2015,1,Mendoza,32.3658875605183,9.05923641753412,51.3645863622347,15.6772340033791
2015,1,Misiones,26.3056041051906,7.18848302796675,51.3645863622347,15.6772340033791
2015,1,Neuquén,51.9544367381025,15.5262500689212,51.3645863622347,15.6772340033791
2015,1,Río Negro,45.3269490720278,13.9938752623861,51.3645863622347,15.6772340033791
2015,1,Salta,30.0097882334428,7.29464296478474,51.3645863622347,15.6772340033791
2015,1,San Juan,27.5531927597664,7.03958245314213,51.3645863622347,15.6772340033791
2015,1,San Luis,9.71604896376059,2.79040145762204,51.3645863622347,15.6772340033791
2015,1,Santa Cruz,27.9948639434945,8.39189695742154,51.3645863622347,15.6772340033791
2015,1,Santa Fe,50.2444947593192,15.8327732920364,51.3645863622347,15.6772340033791
2015,1,Santiago Del Estero,17.0558169911586,4.24446895477843,51.3645863622347,15.6772340033791
2015,1,Tierra Del Fuego,74.2349517001027,22.1671547645866,51.3645863622347,15.6772340033791
2015,1,Tucumán,35.0786068853898,8.71860866450986,51.3645863622347,15.6772340033791
2014,4,Buenos Aires,56.0943365301975,17.0147634301905,50.4997884742653,15.3946769684574
2014,4,Capital Federal,114.896765508016,43.6046206766365,50.4997884742653,15.3946769684574
2014,4,Catamarca,25.513779082748,6.45925498005949,50.4997884742653,15.3946769684574
2014,4,Chaco,21.8707832002322,5.81368220415458,50.4997884742653,15.3946769684574
2014,4,Chubut,40.2492746845027,12.2235557846192,50.4997884742653,15.3946769684574
2014,4,Córdoba,54.696896793323,16.6557073313017,50.4997884742653,15.3946769684574
2014,4,Corrientes,23.5624309927751,6.17465506597043,50.4997884742653,15.3946769684574
2014,4,Entre Ríos,36.0254708519679,10.7183280951834,50.4997884742653,15.3946769684574
2014,4,Formosa,17.9563113616952,4.5491629692892,50.4997884742653,15.3946769684574
2014,4,Jujuy,19.5994181805212,4.98200351211736,50.4997884742653,15.3946769684574
2014,4,La Pampa,51.2731334522286,16.8165246239874,50.4997884742653,15.3946769684574
2014,4,La Rioja,17.0107508872361,4.49690190272523,50.4997884742653,15.3946769684574
2014,4,Mendoza,32.6383818761503,9.05637770520934,50.4997884742653,15.3946769684574
2014,4,Misiones,24.1624306055883,6.54066222204155,50.4997884742653,15.3946769684574
2014,4,Neuquén,52.5549896972496,15.5286641207705,50.4997884742653,15.3946769684574
2014,4,Río Negro,45.478062751204,13.8895301858479,50.4997884742653,15.3946769684574
2014,4,Salta,29.534861619578,7.10378588301479,50.4997884742653,15.3946769684574
2014,4,San Juan,28.0371457145607,7.10096175461973,50.4997884742653,15.3946769684574
2014,4,San Luis,9.7863933663512,2.7819569555272,50.4997884742653,15.3946769684574
2014,4,Santa Cruz,27.8026789696523,8.15757414246012,50.4997884742653,15.3946769684574
2014,4,Santa Fe,49.9996230234827,15.6575328569008,50.4997884742653,15.3946769684574
2014,4,Santiago Del Estero,17.2692015836451,4.26296198713424,50.4997884742653,15.3946769684574
2014,4,Tierra Del Fuego,66.1378194733832,19.3418822807275,50.4997884742653,15.3946769684574
2014,4,Tucumán,35.3208751693282,8.69321535229523,50.4997884742653,15.3946769684574
2014,3,Buenos Aires,56.754739164071,17.262998432341,50.6723681347231,15.4287688044283
2014,3,Capital Federal,113.800512332415,43.2063995929272,50.6723681347231,15.4287688044283
2014,3,Catamarca,24.7061213053276,6.26989025279194,50.6723681347231,15.4287688044283
2014,3,Chaco,21.1126667052624,5.62775722230021,50.6723681347231,15.4287688044283
2014,3,Chubut,40.5986709442745,12.3882340714514,50.6723681347231,15.4287688044283
2014,3,Córdoba,54.2336102829994,16.5601374978714,50.6723681347231,15.4287688044283
2014,3,Corrientes,22.7875350351524,5.98628267191169,50.6723681347231,15.4287688044283
2014,3,Entre Ríos,34.981647333713,10.4338264358501,50.6723681347231,15.4287688044283
2014,3,Formosa,17.7713148314683,4.51292526712683,50.6723681347231,15.4287688044283
2014,3,Jujuy,18.3685342155704,4.68339443034039,50.6723681347231,15.4287688044283
2014,3,La Pampa,55.7812017385042,18.3375340019153,50.6723681347231,15.4287688044283
2014,3,La Rioja,16.5067132740672,4.37903587474791,50.6723681347231,15.4287688044283
2014,3,Mendoza,32.3131795616557,8.99223693701461,50.6723681347231,15.4287688044283
2014,3,Misiones,23.5673569543455,6.39977366685188,50.6723681347231,15.4287688044283
2014,3,Neuquén,56.3954110270698,16.7266886493093,50.6723681347231,15.4287688044283
2014,3,Río Negro,46.1961871578301,14.1599328062096,50.6723681347231,15.4287688044283
2014,3,Salta,29.2226843537979,7.05354927369401,50.6723681347231,15.4287688044283
2014,3,San Juan,27.8542444781027,7.07524804156139,50.6723681347231,15.4287688044283
2014,3,San Luis,9.71121075967275,2.77005134128578,50.6723681347231,15.4287688044283
2014,3,Santa Cruz,28.231942904275,8.34323913237982,50.6723681347231,15.4287688044283
2014,3,Santa Fe,49.1958844455727,15.4379886546179,50.6723681347231,15.4287688044283
2014,3,Santiago Del Estero,16.4922039083019,4.08216959029359,50.6723681347231,15.4287688044283
2014,3,Tierra Del Fuego,65.6861020447619,19.3443922627806,50.6723681347231,15.4287688044283
2014,3,Tucumán,33.9437558222181,8.38167843005843,50.6723681347231,15.4287688044283
2014,2,Buenos Aires,55.0614169514339,16.7949254349917,49.8614284376576,15.1639080079061
2014,2,Capital Federal,113.14335247541,42.9747769614274,49.8614284376576,15.1639080079061
2014,2,Catamarca,24.7031188600584,6.28435543538314,49.8614284376576,15.1639080079061
2014,2,Chaco,20.9579963674944,5.60212756727661,49.8614284376576,15.1639080079061
2014,2,Chubut,41.4102098199126,12.6962893613957,49.8614284376576,15.1639080079061
2014,2,Córdoba,53.448126115626,16.3654084204053,49.8614284376576,15.1639080079061
2014,2,Corrientes,22.5756130032436,5.94526705446853,49.8614284376576,15.1639080079061
2014,2,Entre Ríos,34.6874323714598,10.3720720658694,49.8614284376576,15.1639080079061
2014,2,Formosa,17.5404117548517,4.46486967289597,49.8614284376576,15.1639080079061
2014,2,Jujuy,18.7060609994136,4.78409543407859,49.8614284376576,15.1639080079061
2014,2,La Pampa,49.7075961603446,16.3790489033622,49.8614284376576,15.1639080079061
2014,2,La Rioja,16.5025648163457,4.39338341878784,49.8614284376576,15.1639080079061
2014,2,Mendoza,32.0982381502412,8.95860097015214,49.8614284376576,15.1639080079061
2014,2,Misiones,23.3677476012998,6.36580742599405,49.8614284376576,15.1639080079061
2014,2,Neuquén,50.8427490584487,15.1375680294983,49.8614284376576,15.1639080079061
2014,2,Río Negro,45.3349103201463,13.9465694232689,49.8614284376576,15.1639080079061
2014,2,Salta,28.9145940008629,7.00401550152647,49.8614284376576,15.1639080079061
2014,2,San Juan,27.7826978179589,7.07777106262497,49.8614284376576,15.1639080079061
2014,2,San Luis,9.71791019987182,2.78151226486048,49.8614284376576,15.1639080079061
2014,2,Santa Cruz,29.3770071530543,8.7446731811569,49.8614284376576,15.1639080079061
2014,2,Santa Fe,48.3903513867014,15.2169574282303,49.8614284376576,15.1639080079061
2014,2,Santiago Del Estero,16.6955673473544,4.14368314793901,49.8614284376576,15.1639080079061
2014,2,Tierra Del Fuego,64.3560451715994,19.0863143365562,49.8614284376576,15.1639080079061
2014,2,Tucumán,33.9445268856823,8.40948858817327,49.8614284376576,15.1639080079061
2014,1,Buenos Aires,54.5700728794398,16.692346018019,49.545821345017,15.0501038728932
2014,1,Capital Federal,112.254122789269,42.6550716305864,49.545821345017,15.0501038728932
2014,1,Catamarca,24.2517512545856,6.1846145207766,49.545821345017,15.0501038728932
2014,1,Chaco,20.7185388638408,5.55367146370263,49.545821345017,15.0501038728932
2014,1,Chubut,41.2352180797243,12.7035901332393,49.545821345017,15.0501038728932
2014,1,Córdoba,52.5178475440063,16.1251831437494,49.545821345017,15.0501038728932
2014,1,Corrientes,22.3167167138389,5.89170828868197,49.545821345017,15.0501038728932
2014,1,Entre Ríos,34.3671218212502,10.3022471048393,49.545821345017,15.0501038728932
2014,1,Formosa,17.4184510793687,4.44446775479377,49.545821345017,15.0501038728932
2014,1,Jujuy,18.4153524468777,4.72430277882911,49.545821345017,15.0501038728932
2014,1,La Pampa,48.425321038282,15.9940619540067,49.545821345017,15.0501038728932
2014,1,La Rioja,16.2941048158375,4.35317490004406,49.545821345017,15.0501038728932
2014,1,Mendoza,31.9131229866058,8.93331832282328,49.545821345017,15.0501038728932
2014,1,Misiones,23.1365386484773,6.32316098194971,49.545821345017,15.0501038728932
2014,1,Neuquén,49.7916051913856,14.8822657665075,49.545821345017,15.0501038728932
2014,1,Río Negro,44.9139571317885,13.867842232252,49.545821345017,15.0501038728932
